{
  "code": 1,
  "data": [
    {"pageId": 1, "sortId": 2, "title": "高清4k", "subTitle": "这是我的个人博客页面", "url": "https://alimov2.a.kwimgs.com/upic/2022/01/16/20/BMjAyMjAxMTYyMDAzMDNfNjcwMzI1OTBfNjUwMjE2OTA5MTJfMl8z_b_Bb4ce69ccc5ed90fc17b0f862fc48ccf4.mp4", "icon": "http://yc57.cn/img/tx.png"},
    {"pageId": 2, "sortId": 2, "title": "全面战争", "subTitle": "这是我的个人博客页面", "url": "https://txmov2.a.kwimgs.com/upic/2021/09/08/11/BMjAyMTA5MDgxMTA2MzBfMTI1Nzc1OTIwM181Njc5NTQ4ODM3MF8wXzM=_b_B516ae003656ac5a708d3cd831bdc6076.mp4", "icon": "http://yc57.cn/img/tx.png"},
    {"pageId": 3, "sortId": 2, "title": "一眉道人", "subTitle": "这是我的个人博客页面", "url": "https://txmov2.a.kwimgs.com/upic/2022/11/22/23/BMjAyMjExMjIyMzA2MDNfMzA2NTI2NDI3MV84OTM1MDI3NzIxOV8wXzM=_b_B7755878a1d89bc92de358edee2fb3696.mp4", "icon": "http://yc57.cn/img/tx.png"},
    {"pageId": 4, "sortId": 2, "title": "巨齿鲨", "subTitle": "这是我的个人博客页面", "url": "https://v9-default.365yg.com/e6b99161959f10621eb037e62007b5bb/63b4dec2/video/tos/cn/tos-cn-ve-15/4dfed65af7eb4679acc87d4042d3fe5c/?a=1833&ch=0&cr=0&dr=0&cd=0%7C0%7C0%7C0&cv=1&br=2257&bt=2257&cs=0&ds=6&ft=KabkaPPT2_5jH6WH6BRfuqI6XjM5SzGTkb.7TGbR&mime_type=video_mp4&qs=0&rc=OmY4NDY3ZDNpO2ZmaDRpaEBpajY4djs6ZnUzNzMzNGkzM0AyYmA1Xy0yNjQxNl4wLy4zYSNnYmQvcjRnZy5gLS1kLWFzcw%3D%3D&l=202301040857117CE4EB2B94700126D1F4&btag=30000", "icon": "http://yc57.cn/img/tx.png"},
    {"pageId": 5, "sortId": 2, "title": "云成娱乐网", "subTitle": "这是我的个人博客页面", "url": "https://yc57.cn/", "icon": "http://yc57.cn/img/tx.png"},
    {"pageId": 6, "sortId": 2, "title": "下载app", "subTitle": "这是我的个人博客页面", "url": "https://yc57.cn/app/", "icon": "http://yc57.cn/img/tx.png"},
    {"pageId": 7, "sortId": 2, "title": "定制版演示", "subTitle": "这是我的个人博客页面", "url": "https://vcdnb.huoying666.com/new_video/2022/0522/bf9c7e2fcc754665466d88e1d9ecd5fe/v720/bf9c7e1fc1_6847624_hd.mp4", "icon": "http://yc57.cn/img/tx.png"},
    {"pageId": 8, "sortId": 2, "title": "聊天强制迁移", "subTitle": "这是我的个人博客页面", "url": "https://vcdnb.huoying666.com/new_video/2022/1125/8727d1973df101f766a457c41524f494/v720/8727d19731_7045098_hd.mp4", "icon": "http://yc57.cn/img/tx.png"},
    {"pageId": 9, "sortId": 2, "title": "售后必读", "subTitle": "这是我的个人博客页面", "url": "https://picabstract-preview-ftn.weiyun.com/ftn_pic_abs_v3/93bcc99858a890264fcd477f67de7ea1e2fef2a8b9a8ab5ccf2e41d8f16f167466ecdd2a3094468cf9ec483555114285?pictype=scale&from=30013&version=3.3.3.3&fname=IMG_4090.PNG&size=750", "icon": "http://yc57.cn/img/tx.png"},
    {"pageId": 10, "sortId": 2, "title": "联系客服", "subTitle": "这是我的个人博客页面", "url": "/qq", "icon": "http://yc57.cn/img/tx.png"}
  ]
}
